,Index,ID,Name,cluster
0,0,1535,Death Note,0
1,1,16498,Shingeki no Kyojin,0
2,2,11757,Sword Art Online,2
3,3,5114,Fullmetal Alchemist Brotherhood,0
4,4,6547,Angel Beats ,2
5,5,1575,Code Geass Hangyaku no Lelouch,0
6,6,20,Naruto,2
7,7,9253,Steins Gate,1
8,8,10620,Mirai Nikki TV ,0
9,9,4224,Toradora ,1
10,10,269,Bleach,2
11,11,226,Elfen Lied,0
12,12,22319,Tokyo Ghoul,0
13,13,19815,No Game No Life,2
14,14,121,Fullmetal Alchemist,2
15,15,6702,Fairy Tail,2
16,16,9919,Ao no Exorcist,2
17,17,3588,Soul Eater,2
18,18,2904,Code Geass Hangyaku no Lelouch R2,0
19,19,2167,Clannad,1
20,20,2001,Tengen Toppa Gurren Lagann,2
21,21,6746,Durarara ,0
22,22,30276,One Punch Man,0
23,23,21881,Sword Art Online II,2
24,24,8074,Highschool of the Dead,0
25,25,11111,Another,0
26,26,20507,Noragami,2
27,27,13601,Psycho Pass,0
28,28,18679,Kill la Kill,2
29,29,22199,Akame ga Kill ,0
30,30,1,Cowboy Bebop,0
31,31,5081,Bakemonogatari,0
32,32,199,Sen to Chihiro no Kamikakushi,0
33,33,9989,Ano Hi Mita Hana no Namae wo Bokutachi wa Mada Shiranai ,1
34,34,9756,Mahou Shoujo Madoka Magica,1
35,35,30,Neon Genesis Evangelion,2
36,36,10793,Guilty Crown,0
37,37,4181,Clannad After Story,1
38,38,10087,Fate Zero,0
39,39,6880,Deadman Wonderland,0
40,40,2025,Darker than Black Kuro no Keiyakusha,0
41,41,849,Suzumiya Haruhi no Yuuutsu,1
42,42,11061,Hunter x Hunter 2011 ,2
43,43,22535,Kiseijuu Sei no Kakuritsu,0
44,44,4898,Kuroshitsuji,0
45,45,853,Ouran Koukou Host Club,1
46,46,23273,Shigatsu wa Kimi no Uso,1
47,47,15809,Hataraku Maou sama ,1
48,48,27899,Tokyo Ghoul A,0
49,49,31043,Boku dake ga Inai Machi,0
50,50,11617,High School DxD,1
51,51,14741,Chuunibyou demo Koi ga Shitai ,1
52,52,7054,Kaichou wa Maid sama ,1
53,53,205,Samurai Champloo,0
54,54,17265,Log Horizon,2
55,55,5680,K On ,1
56,56,28223,Death Parade,0
57,57,13759,Sakurasou no Pet na Kanojo,1
58,58,813,Dragon Ball Z,2
59,59,356,Fate stay night,0
60,60,12189,Hyouka,1
61,61,2251,Baccano ,0
62,62,934,Higurashi no Naku Koro ni,0
63,63,18153,Kyoukai no Kanata,1
64,64,31240,Re Zero kara Hajimeru Isekai Seikatsu,0
65,65,14813,Yahari Ore no Seishun Love Comedy wa Machigatteiru ,1
66,66,14227,Tonari no Kaibutsu kun,1
67,67,28171,Shokugeki no Souma,1
68,68,18897,Nisekoi,1
69,69,1195,Zero no Tsukaima,2
70,70,23283,Zankyou no Terror,0
71,71,11741,Fate Zero 2nd Season,0
72,72,164,Mononoke Hime,2
73,73,11771,Kuroko no Basket,1
74,74,918,Gintama,2
75,75,28121,Dungeon ni Deai wo Motomeru no wa Machigatteiru Darou ka,2
76,76,2966,Ookami to Koushinryou,2
77,77,1482,D Gray man,2
78,78,431,Howl no Ugoku Shiro,2
79,79,889,Black Lagoon,0
80,80,23755,Nanatsu no Taizai,2
81,81,14345,Btooom ,0
82,82,10719,Boku wa Tomodachi ga Sukunai,1
83,83,11759,Accel World,2
84,84,1689,Byousoku 5 Centimeter,1
85,85,8769,Ore no Imouto ga Konnani Kawaii Wake ga Nai,1
86,86,20787,Black Bullet,0
87,87,14513,Magi The Labyrinth of Magic,2
88,88,1818,Claymore,2
89,89,223,Dragon Ball,2
90,90,26243,Owari no Seraph,0
91,91,4654,Toaru Majutsu no Index,0
92,92,24833,Ansatsu Kyoushitsu TV ,2
93,93,28999,Charlotte,1
94,94,6045,Kimi ni Todoke,1
95,95,270,Hellsing,0
96,96,1887,Lucky Star,1
97,97,227,FLCL,2
98,98,15583,Date A Live,1
99,99,6347,Baka to Test to Shoukanjuu,1
100,100,457,Mushishi,2
101,101,30503,Noragami Aragoto,2
102,102,2993,Rosario to Vampire,1
103,103,16592,Danganronpa Kibou no Gakuen to Zetsubou no Koukousei The Animation,0
104,104,777,Hellsing Ultimate,0
105,105,355,Shakugan no Shana,2
106,106,14467,K,2
107,107,8841,Kore wa Zombie Desu ka ,0
108,108,23289,Gekkan Shoujo Nozaki kun,1
109,109,1210,NHK ni Youkoso ,1
110,110,2236,Toki wo Kakeru Shoujo,0
111,111,13125,Shinsekai yori,0
112,112,3457,Vampire Knight,1
113,113,20785,Mahouka Koukou no Rettousei,1
114,114,8525,Kami nomi zo Shiru Sekai,1
115,115,20583,Haikyuu ,1
116,116,11887,Kokoro Connect,1
117,117,6,Trigun,2
118,118,31964,Boku no Hero Academia,2
119,119,249,InuYasha,2
120,120,2476,School Days,1
121,121,5630,Higashi no Eden,0
122,122,17895,Golden Time,1
123,123,523,Tonari no Totoro,2
124,124,245,Great Teacher Onizuka,1
125,125,22297,Fate stay night Unlimited Blade Works,0
126,126,59,Chobits,1
127,127,15451,High School DxD New,2
128,128,18507,Free ,1
129,129,790,Ergo Proxy,0
130,130,11597,Nisemonogatari,0
131,131,14075,Zetsuen no Tempest,2
132,132,11843,Danshi Koukousei no Nichijou,1
133,133,1604,Katekyo Hitman Reborn ,2
134,134,16742,Watashi ga Motenai no wa Dou Kangaetemo Omaera ga Warui ,1
135,135,71,Full Metal Panic ,0
136,136,22043,Fairy Tail 2014 ,2
137,137,9041,IS Infinite Stratos,2
138,138,10165,Nichijou,1
139,139,28623,Koutetsujou no Kabaneri,0
140,140,7724,Shiki,0
141,141,19,Monster,0
142,142,7674,Bakuman ,1
143,143,7791,K On ,1
144,144,18115,Magi The Kingdom of Magic,2
145,145,30831,Kono Subarashii Sekai ni Shukufuku wo ,2
146,146,28907,Gate Jieitai Kanochi nite Kaku Tatakaeri,0
147,147,29803,Overlord,0
148,148,22729,Aldnoah Zero,0
149,149,4382,Suzumiya Haruhi no Yuuutsu 2009 ,1
150,150,16894,Kuroko no Basket 2nd Season,1
151,151,120,Fruits Basket,1
152,152,11633,Blood Lad,2
153,153,7311,Suzumiya Haruhi no Shoushitsu,1
154,154,237,Eureka Seven,1
155,155,3455,To LOVE Ru,1
156,156,1840,Zero no Tsukaima Futatsuki no Kishi,2
157,157,2034,Lovely Complex,1
158,158,6707,Kuroshitsuji II,0
159,159,14289,Sukitte Ii na yo ,1
160,160,8425,Gosick,0
161,161,18277,Strike the Blood,2
162,162,6213,Toaru Kagaku no Railgun,2
163,163,5530,Pandora Hearts,2
164,164,527,Pokemon,2
165,165,23281,Psycho Pass 2,0
166,166,30240,Prison School,1
167,167,5958,Sora no Otoshimono,1
168,168,21995,Ao Haru Ride,1
169,169,225,Dragon Ball GT,2
170,170,33,Berserk,0
171,171,12355,Ookami Kodomo no Ame to Yuki,1
172,172,22789,Barakamon,1
173,173,16067,Nagi no Asukara,1
174,174,5681,Summer Wars,1
175,175,43,Ghost in the Shell,0
176,176,23847,Yahari Ore no Seishun Love Comedy wa Machigatteiru Zoku,1
177,177,11499,Sankarea,1
178,178,6573,Darker than Black Ryuusei no Gemini,0
179,179,24439,Kekkai Sensen,0
180,180,45,Rurouni Kenshin Meiji Kenkaku Romantan,2
181,181,28497,Rokka no Yuusha,2
182,182,15315,Mondaiji tachi ga Isekai kara Kuru Sou Desu yo ,1
183,183,1889,Higurashi no Naku Koro ni Kai,0
184,184,9513,Beelzebub,2
185,185,8675,Seitokai Yakuindomo,1
186,186,22147,Amagi Brilliant Park,1
187,187,25013,Akatsuki no Yona,2
188,188,11013,Inu x Boku SS,1
189,189,47,Akira,0
190,190,339,Serial Experiments Lain,0
191,191,23321,Log Horizon 2nd Season,2
192,192,32,Neon Genesis Evangelion The End of Evangelion,0
193,193,7593,Kiss x Sis TV ,1
194,194,14967,Boku wa Tomodachi ga Sukunai Next,1
195,195,27775,Plastic Memories,1
196,196,31859,Hai to Gensou no Grimgar,2
197,197,3712,Zero no Tsukaima Princesses no Rondo,2
198,198,25183,Gangsta ,0
199,199,4081,Natsume Yuujinchou,1
200,200,5341,Ookami to Koushinryou II,2
201,201,18671,Chuunibyou demo Koi ga Shitai Ren,1
202,202,25157,Trinity Seven,2
203,203,150,Blood ,0
204,204,6594,Katanagatari,0
205,205,28701,Fate stay night Unlimited Blade Works 2nd Season,0
206,206,17074,Monogatari Series Second Season,0
207,207,1691,Kaze no Stigma,2
208,208,4214,Rosario to Vampire Capu2,1
209,209,7088,Ichiban Ushiro no Daimaou,2
210,210,1519,Black Lagoon The Second Barrage,0
211,211,30015,ReLIFE,1
212,212,15225,Hentai Ouji to Warawanai Neko ,1
213,213,28297,Ore Monogatari ,1
214,214,32281,Kimi no Na wa ,1
215,215,11285,Black Rock Shooter TV ,1
216,216,21603,Mekakucity Actors,1
217,217,4752,Vampire Knight Guilty,1
218,218,31798,Kiznaiver,1
219,219,10408,Hotarubi no Mori e,1
220,220,877,Nana,1
221,221,392,Yuu Yuu Hakusho,2
222,222,10162,Usagi Drop,1
223,223,13659,Ore no Imouto ga Konnani Kawaii Wake ga Nai ,1
224,224,857,Air Gear,2
225,225,2759,Evangelion 1 0 You Are Not Alone,2
226,226,467,Ghost in the Shell Stand Alone Complex,0
227,227,10080,Kami nomi zo Shiru Sekai II,1
228,228,29786,Shimoneta to Iu Gainen ga Sonzai Shinai Taikutsu na Sekai,1
229,229,32182,Mob Psycho 100,2
230,230,28677,Yamada kun to 7 nin no Majo TV ,1
231,231,7817,B Gata H Kei,1
232,232,27631,God Eater,0
233,233,11577,Steins Gate Movie Fuka Ryouiki no D j vu,1
234,234,10110,Mayo Chiki ,1
235,235,24703,High School DxD BorN,2
236,236,14719,JoJo no Kimyou na Bouken TV ,0
237,237,28927,Owari no Seraph Nagoya Kessen hen,0
238,238,16782,Kotonoha no Niwa,1
239,239,14713,Kamisama Hajimemashita,1
240,240,23199,Durarara x2 Shou,0
241,241,6956,Working ,1
242,242,101,Air,1
243,243,30296,Rakudai Kishi no Cavalry,0
244,244,31478,Bungou Stray Dogs,0
245,245,430,Fullmetal Alchemist The Conqueror of Shamballa,2
246,246,19163,Date A Live II,1
247,247,32282,Shokugeki no Souma Ni no Sara,1
248,248,24415,Kuroko no Basket 3rd Season,1
249,249,2787,Shakugan no Shana II Second ,2
250,250,8937,Toaru Majutsu no Index II,0
251,251,8516,Baka to Test to Shoukanjuu Ni ,1
252,252,4063,Sekirei,2
253,253,3784,Evangelion 2 0 You Can Not Advance,2
254,254,552,Digimon Adventure,2
255,255,30307,Monster Musume no Iru Nichijou,1
256,256,232,Cardcaptor Sakura,2
257,257,27787,Nisekoi ,1
258,258,10790,Kore wa Zombie Desu ka of the Dead,0
259,259,19221,Ore no Nounai Sentakushi ga Gakuen Love Comedy wo Zenryoku de Jama Shiteiru,1
260,260,28891,Haikyuu Second Season,1
261,261,2593,Kara no Kyoukai 1 Fukan Fuukei,0
262,262,24,School Rumble,1
263,263,17729,Grisaia no Kajitsu,1
264,264,30654,Ansatsu Kyoushitsu TV 2nd Season,2
265,265,578,Hotaru no Haka,1
266,266,2605,Sayonara Zetsubou Sensei,1
267,267,4975,Ch oS HEAd,0
268,268,11319,Zero no Tsukaima F,2
269,269,3470,Special A,1
270,270,15689,Nekomonogatari Kuro,0
271,271,8861,Yosuga no Sora In Solitude Where We Are Least Alone ,1
272,272,228,Jigoku Shoujo,0
273,273,12445,Tasogare Otome x Amnesia,0
274,274,23233,Shinmai Maou no Testament,2
275,275,8630,Hidan no Aria,2
276,276,9656,Kimi ni Todoke 2nd Season,1
277,277,202,Wolf 039 s Rain,2
278,278,32542,Sakamoto desu ga ,1
279,279,16011,Tokyo Ravens,1
280,280,72,Full Metal Panic Fumoffu,2
281,281,66,Azumanga Daioh,1
282,282,16524,Suisei no Gargantia,2
283,283,11433,Ano Natsu de Matteru,1
284,284,12549,Dakara Boku wa H ga Dekinai ,1
285,285,154,Shaman King,2
286,286,25397,Absolute Duo,0
287,287,30544,Gakusen Toshi Asterisk,2
288,288,31442,Musaigen no Phantom World,2
289,289,10161,No 6,0
290,290,1726,Devil May Cry,0
291,291,136,Hunter x Hunter,2
292,292,32729,Orange,1
293,293,384,Gantz,0
294,294,2104,Seto no Hanayome,1
295,295,20853,Hitsugi no Chaika,2
296,296,14833,Maoyuu Maou Yuusha,2
297,297,1943,Paprika,0
298,298,1530,Kanon 2006 ,1
299,299,7647,Arakawa Under the Bridge,1
300,300,31580,Ajin,0
301,301,4059,Clannad Mou Hitotsu no Sekai Tomoyo hen,1
302,302,21431,Gokukoku no Brynhildr,0
303,303,21405,Bokura wa Minna Kawaisou,1
304,304,10863,Steins Gate Oukoubakko no Poriomania,1
305,305,9367,Freezing,0
306,306,5682,Phantom Requiem for the Phantom,0
307,307,79,Shuffle ,1
308,308,10800,Chihayafuru,1
309,309,28825,Himouto Umaru chan,1
310,310,263,Hajime no Ippo,1
311,311,8795,Panty amp Stocking with Garterbelt,0
312,312,30123,Akagami no Shirayuki hime,1
313,313,8676,Amagami SS,1
314,314,1698,Nodame Cantabile,1
315,315,10163,C The Money of Soul and Possibility Control,2
316,316,10721,Mawaru Penguindrum,0
317,317,189,Love Hina,1
318,318,14749,Ore no Kanojo to Osananajimi ga Shuraba Sugiru,1
319,319,13161,Hagure Yuusha no Aesthetica,2
320,320,23277,Saenai Heroine no Sodatekata,1
321,321,73,Full Metal Panic The Second Raid,0
322,322,15051,Love Live School Idol Project,1
323,323,11785,Haiyore Nyaruko san,1
324,324,20031,D Frag ,1
325,325,31637,Gate Jieitai Kanochi nite Kaku Tatakaeri 2nd Season,0
326,326,28249,Arslan Senki TV ,0
327,327,512,Majo no Takkyuubin,2
328,328,12293,Campione Matsurowanu Kamigami to Kamigoroshi no Maou,1
329,329,1686,Bleach Movie 1 Memories of Nobody,2
330,330,10030,Bakuman 2nd Season,1
331,331,9969,Gintama 039 ,2
332,332,2924,ef A Tale of Memories ,1
333,333,513,Tenkuu no Shiro Laputa,2
334,334,861,xxxHOLiC,1
335,335,22265,Free Eternal Summer,1
336,336,68,Black Cat,2
337,337,9289,Hanasaku Iroha,1
338,338,9379,Denpa Onna to Seishun Otoko,1
339,339,27655,Aldnoah Zero 2nd Season,0
340,340,57,Beck,1
341,341,10495,Yuru Yuri,1
342,342,18247,IS Infinite Stratos 2,2
343,343,25835,Shirobako,1
344,344,8407,Sora no Otoshimono Forte,1
345,345,6205,K mpfer,2
346,346,12531,Sakamichi no Apollon,1
347,347,10396,Ben To,2
348,348,530,Bishoujo Senshi Sailor Moon,1
349,349,7769,Ookami san to Shichinin no Nakama tachi,1
350,350,6500,Seikon no Qwaser,0
351,351,31636,Dagashi Kashi,1
352,352,23673,Ookami Shoujo to Kuro Ouji,1
353,353,4725,Ga Rei Zero,0
354,354,5060,Hetalia Axis Powers,1
355,355,25159,Inou Battle wa Nichijou kei no Naka de,1
356,356,21843,Shingeki no Bahamut Genesis,0
357,357,572,Kaze no Tani no Nausica ,2
358,358,16706,Kami nomi zo Shiru Sekai Megami hen,1
359,359,6512,Nyan Koi ,1
360,360,60,Chrno Crusade,0
361,361,32998,91 Days,0
362,362,9515,Highschool of the Dead Drifters of the Dead,1
363,363,2890,Gake no Ue no Ponyo,2
364,364,24765,Gakkougurashi ,0
365,365,21327,Isshuukan Friends ,2
366,366,6114,Rainbow Nisha Rokubou no Shichinin,0
367,367,9062,Angel Beats Specials,2
368,368,317,Final Fantasy VII Advent Children,2
369,369,13655,Little Busters ,1
370,370,6351,Clannad After Story Mou Hitotsu no Sekai Kyou hen,1
371,371,323,Mousou Dairinin,0
372,372,5,Cowboy Bebop Tengoku no Tobira,0
373,373,12413,Jormungand,0
374,374,16049,Toaru Kagaku no Railgun S,0
375,375,31404,Netoge no Yome wa Onnanoko ja Nai to Omotta ,1
376,376,17247,Machine Doll wa Kizutsukanai,2
377,377,3731,Itazura na Kiss,1
378,378,7338,Darker than Black Kuro no Keiyakusha Gaiden,0
379,379,13663,To LOVE Ru Darkness,1
380,380,11981,Mahou Shoujo Madoka Magica Movie 3 Hangyaku no Monogatari,1
381,381,1292,Afro Samurai,0
382,382,16762,Mirai Nikki Redial,0
383,383,3785,Evangelion 3 0 You Can Not Redo,2
384,384,11703,Code Breaker,0
385,385,9181,Motto To LOVE Ru,1
386,386,10588,Persona 4 the Animation,1
387,387,4722,Skip Beat ,1
388,388,2889,Bleach Movie 2 The DiamondDust Rebellion Mou Hitotsu no Hyourinmaru,2
389,389,177,Tsubasa Chronicle,2
390,390,27989,Hibike Euphonium,1
391,391,15085,Amnesia,1
392,392,10067,Angel Beats Another Epilogue,1
393,393,6682,11eyes,0
394,394,12365,Bakuman 3rd Season,1
395,395,20689,Hamatora The Animation,0
396,396,17549,Non Non Biyori,1
397,397,20541,Mikakunin de Shinkoukei,1
398,398,11933,Oda Nobuna no Yabou,1
399,399,6773,Shakugan no Shana III Final ,2
400,400,27831,Durarara x2 Ten,0
401,401,481,Yu Gi Oh Duel Monsters,2
402,402,19369,Outbreak Company,1
403,403,8086,Densetsu no Yuusha no Densetsu,0
404,404,7059,Black Rock Shooter OVA ,2
405,405,16,Hachimitsu to Clover,1
406,406,10568,Kamisama no Memochou,0
407,407,2026,Hayate no Gotoku ,2
408,408,31163,Dimension W,0
409,409,8424,MM ,1
410,410,44,Rurouni Kenshin Meiji Kenkaku Romantan Tsuioku hen,0
411,411,1559,Shijou Saikyou no Deshi Kenichi,2
412,412,64,Rozen Maiden,2
413,413,16417,Tamako Market,1
414,414,12291,Acchi Kocchi TV ,1
415,415,19429,Akuma no Riddle,0
416,416,61,D N Angel,2
417,417,4896,Umineko no Naku Koro ni,0
418,418,15037,Corpse Party Tortured Souls Bougyakusareta Tamashii no Jukyou,0
419,419,1571,Ghost Hunt,1
420,420,5525,07 Ghost,2
421,421,5042,Kiss x Sis,1
422,422,2418,Stranger Mukou Hadan,0
423,423,1222,Bokura ga Ita,1
424,424,21855,Hanamonogatari,0
425,425,22877,Seirei Tsukai no Blade Dance,2
426,426,15379,Kotoura san,1
427,427,20057,Space Dandy,1
428,428,5356,Canaan,0
429,429,7592,Nurarihyon no Mago,2
430,430,22145,Kuroshitsuji Book of Circus,0
431,431,7785,Yojouhan Shinwa Taikei,0
432,432,4835,Bleach Movie 3 Fade to Black Kimi no Na wo Yobu,2
433,433,3503,Kanokon,1
434,434,26349,Danna ga Nani wo Itteiru ka Wakaranai Ken,1
435,435,16009,Kamisama no Inai Nichiyoubi,0
436,436,20021,Sword Art Online Extra Edition,2
437,437,6211,Tokyo Magnitude 8 0,1
438,438,2923,Shugo Chara ,1
439,439,18397,Shingeki no Kyojin OVA,0
440,440,6747,Dance in the Vampire Bund,0
441,441,387,Haibane Renmei,1
442,442,442,Naruto Movie 1 Dai Katsugeki Yuki Hime Shinobu Houjou Dattebayo ,2
443,443,2581,Mobile Suit Gundam 00,0
444,444,1313,Digimon Adventure 02,2
445,445,20899,JoJo no Kimyou na Bouken Stardust Crusaders,0
446,446,6324,Omamori Himari,2
447,447,2129,True Tears,1
448,448,10490,Blood C,0
449,449,19775,Sidonia no Kishi,0
450,450,3092,Junjou Romantica,1
451,451,437,Perfect Blue,0
452,452,10521,Working 039 ,1
453,453,13535,Binbougami ga ,1
454,454,32438,Mayoiga,0
455,455,357,Bokusatsu Tenshi Dokuro chan,0
456,456,6033,Dragon Ball Kai,2
457,457,10213,Maji de Watashi ni Koi Shinasai ,1
458,458,16918,Gin no Saji,1
459,459,376,Elfen Lied Special,0
460,460,18677,Yuusha ni Narenakatta Ore wa Shibushibu Shuushoku wo Ketsui Shimashita ,1
461,461,27833,Durarara x2 Ketsu,0
462,462,9617,K On Movie,1
463,463,2926,Myself Yourself,1
464,464,27991,K Return of Kings,2
465,465,24455,Madan no Ou to Vanadis,0
466,466,3782,Kara no Kyoukai 2 Satsujin Kousatsu Zen ,0
467,467,28977,Gintama ,2
468,468,8460,Mirai Nikki,0
469,469,5300,Zoku Natsume Yuujinchou,1
470,470,801,Ghost in the Shell Stand Alone Complex 2nd GIG,0
471,471,5277,Sekirei Pure Engagement,2
472,472,27,Trinity Blood,0
473,473,14199,Oniichan dakedo Ai Sae Areba Kankeinai yo ne ,1
474,474,268,Golden Boy,2
475,475,29095,Grisaia no Rakuen,1
476,476,14349,Little Witch Academia,2
477,477,4282,Kara no Kyoukai 5 Mujun Rasen,0
478,478,28025,Tsukimonogatari,0
479,479,6922,Fate stay night Movie Unlimited Blade Works,2
480,480,4999,Asu no Yoichi ,1
481,481,5909,Seitokai no Ichizon,1
482,482,48, hack Sign,2
483,483,11761,Medaka Box,2
484,484,6675,Redline,0
485,485,3783,Kara no Kyoukai 3 Tsuukaku Zanryuu,0
486,486,21863,Mangaka san to Assistant san to The Animation,1
487,487,16035,Karneval TV ,2
488,488,2472,Naruto Shippuuden Movie 1,2
489,489,4901,Black Lagoon Roberta 039 s Blood Trail,0
490,490,8129,Kuragehime,1
491,491,20047,Sakura Trick,1
492,492,17513,Diabolik Lovers,0
493,493,31181,Owarimonogatari,0
494,494,18229,Gatchaman Crowds,1
495,495,3655,Nabari no Ou,2
496,496,30911,Tales of Zestiria the X,2
497,497,13599,Robotics Notes,1
498,498,16001,Kokoro Connect Michi Random,1
499,499,1827,Seirei no Moribito,2
500,500,24405,World Trigger,2
501,501,134,Gunslinger Girl,0
502,502,12967,Arcana Famiglia,2
503,503,27821,Fate stay night Unlimited Blade Works Prologue,2
504,504,21085,Witch Craft Works,2
505,505,469,Karin,1
506,506,10321,Uta no Prince sama Maji Love 1000 ,1
507,507,2963,Minami ke,1
508,508,210,Ranma ,1
509,509,11737,Ao no Exorcist Movie,2
510,510,329,Planetes,1
511,511,3702,Detroit Metal City,0
512,512,20767,Noragami OVA,2
513,513,5030,Maria Holic,1
514,514,1536,Busou Renkin,2
515,515,14131,Girls und Panzer,1
516,516,240,Genshiken,1
517,517,97,Last Exile,2
518,518,19769,Mahou Sensou,2
519,519,9936,Maken Ki ,0
520,520,6201,Princess Lover ,1
521,521,9941,Tiger amp Bunny,2
522,522,433,Kumo no Mukou Yakusoku no Basho,1
523,523,239,Gankutsuou,0
524,524,4789,ef A Tale of Melodies ,1
525,525,4186,Chrome Shelled Regios,0
526,526,4280,Kara no Kyoukai 4 Garan no Dou,0
527,527,174,Tenjou Tenge,0
528,528,8408,Durarara Specials,0
529,529,486,Kino no Tabi The Beautiful World,0
530,530,28851,Koe no Katachi,1
531,531,31405,Joker Game,0
532,532,10379,Natsume Yuujinchou San,1
533,533,31,Neon Genesis Evangelion Death amp Rebirth,0
534,534,6372,Higashi no Eden Movie I The King of Eden,1
535,535,10020,Ore no Imouto ga Konnani Kawaii Wake ga Nai Specials,1
536,536,21939,Mushishi Zoku Shou,2
537,537,32093,Tanaka kun wa Itsumo Kedaruge,1
538,538,21561,Ryuugajou Nanana no Maizoukin TV ,1
539,539,31737,Gakusen Toshi Asterisk 2nd Season,1
540,540,16512,Devil Survivor 2 The Animation,0
541,541,9863,SKET Dance,1
542,542,21511,Kantai Collection KanColle,2
543,543,10578,C ,0
544,544,3901,Baccano Specials,0
545,545,14829,Fate kaleid liner Prisma Illya,2
546,546,528,Pokemon Mewtwo no Gyakushuu,2
547,547,12467,Nazo no Kanojo X,0
548,548,30187,Sakurako san no Ashimoto ni wa Shitai ga Umatteiru,0
549,549,9260,Kizumonogatari I Tekketsu hen,0
550,550,195,Onegai Teacher,1
551,551,1723,Clannad Movie,1
552,552,3652,Higurashi no Naku Koro ni Rei,1
553,553,22101,Soredemo Sekai wa Utsukushii,1
554,554,29758,Taboo Tattoo,0
555,555,8277,Hyakka Ryouran Samurai Girls,2
556,556,24133,Taimadou Gakuen 35 Shiken Shoutai,0
557,557,6811,InuYasha Kanketsu hen,2
558,558,3167,Eve no Jikan,1
559,559,3002,Gyakkyou Burai Kaiji Ultimate Survivor,0
560,560,16904,K Missing Kings,2
561,561,20847,Seitokai Yakuindomo ,1
562,562,11665,Natsume Yuujinchou Shi,1
563,563,67,Basilisk Kouga Ninpou Chou,0
564,564,7711,Karigurashi no Arrietty,0
565,565,4437,Naruto Shippuuden Movie 2 Kizuna,2
566,566,10155,Dog Days,2
567,567,11179,Papa no Iukoto wo Kikinasai ,1
568,568,30205,Aoharu x Kikanjuu,2
569,569,22663,Seiken Tsukai no World Break,0
570,570,936,Naruto Movie 2 Dai Gekitotsu Maboroshi no Chiteiiseki Dattebayo ,2
571,571,22135,Ping Pong The Animation,1
572,572,93,Mobile Suit Gundam Seed,0
573,573,16668,Kakumeiki Valvrave,0
574,574,50,Aa Megami sama TV ,1
575,575,3667,Strike Witches,0
576,576,3342,Mnemosyne Mnemosyne no Musume tachi,0
577,577,22687,Terra Formars,0
578,578,31376,Flying Witch,1
579,579,26,Texhnolyze,0
580,580,267,Gungrave,0
581,581,14353,Death Billiards,0
582,582,5205,Kara no Kyoukai 7 Satsujin Kousatsu Kou ,0
583,583,3572,Macross F,2
584,584,32828,Amaama to Inazuma,1
585,585,8557,Shinryaku Ika Musume,1
586,586,15039,Ano Hi Mita Hana no Namae wo Bokutachi wa Mada Shiranai Movie,1
587,587,21353,Tokyo ESP,0
588,588,6166,Asobi ni Iku yo ,1
589,589,9330,Dragon Crisis ,2
590,590,31704,One Punch Man Road to Hero,0
591,591,9926,Sekaiichi Hatsukoi,1
592,592,7148,Ladies versus Butlers ,1
593,593,21339,Psycho Pass Movie,0
594,594,585,Mimi wo Sumaseba,2
595,595,30749,Saijaku Muhai no Bahamut,2
596,596,874,Digimon Tamers,2
597,597,3958,Kannagi,1
598,598,145,Kareshi Kanojo no Jijou,1
599,599,23079,Glasslip,1
600,600,8247,Bleach Movie 4 Jigoku hen,2
601,601,5355,Sengoku Basara,2
602,602,5204,Kara no Kyoukai 6 Boukyaku Rokuon,0
603,603,26055,JoJo no Kimyou na Bouken Stardust Crusaders 2nd Season,0
604,604,2404,Zombie Loan,0
605,605,32935,Haikyuu Karasuno Koukou VS Shiratorizawa Gakuen Koukou,1
606,606,30363,Shinmai Maou no Testament Burst,2
607,607,846,School Rumble Ni Gakki,1
608,608,7193,Aoi Bungaku Series,0
609,609,28617,Punch Line,1
610,610,25781,Shingeki no Kyojin Kuinaki Sentaku,0
611,611,597,Neko no Ongaeshi,2
612,612,31338,Hundred,1
613,613,21507,Soul Eater NOT ,2
614,614,13367,Kono Naka ni Hitori Imouto ga Iru ,1
615,615,1562,Yamato Nadeshiko Shichihenge ,1
616,616,31953,New Game ,1
617,617,19111,Love Live School Idol Project 2nd Season,1
618,618,25681,Kamisama Hajimemashita ,1
619,619,12175,Koi to Senkyo to Chocolate,1
620,620,1699,Romeo x Juliet,1
621,621,2144,Naruto Movie 3 Dai Koufun Mikazuki Jima no Animaru Panikku Dattebayo ,2
622,622,4744,Akaneiro ni Somaru Saka,1
623,623,28819,Okusama ga Seitokaichou ,1
624,624,12729,High School DxD OVA,1
625,625,18179,Yowamushi Pedal,1
626,626,8888,Code Geass Boukoku no Akito 1 Yokuryuu wa Maiorita,0
627,627,18245,White Album 2,1
628,628,24231,Hitsugi no Chaika Avenging Battle,2
629,629,63,DearS,1
630,630,856,Utawarerumono,0
631,631,10456,Kyoukaisenjou no Horizon,2
632,632,29854,Ushio to Tora TV ,2
633,633,32379,Berserk 2016 ,0
634,634,169,Shingetsutan Tsukihime,0
635,635,12883,Tsuritama,1
636,636,6895,Hakuouki,0
637,637,147,Kimi ga Nozomu Eien,1
638,638,12477,Sakasama no Patema,1
639,639,759,Tokyo Godfathers,1
640,640,10357,Jinrui wa Suitai Shimashita,1
641,641,550,Yu Gi Oh ,2
642,642,9331,Yumekui Merry,2
643,643,5258,Hajime no Ippo New Challenger,1
644,644,5678,Kobato ,1
645,645,257,Ikkitousen,1
646,646,2246,Mononoke,0
647,647,2994,Death Note Rewrite,0
648,648,29785,Jitsu wa Watashi wa,1
649,649,11977,Mahou Shoujo Madoka Magica Movie 1 Hajimari no Monogatari,1
650,650,9135,Fullmetal Alchemist The Sacred Star of Milos,2
651,651,330,Midori no Hibi,1
652,652,23251,Gugure Kokkuri san,1
653,653,22,Prince of Tennis,2
654,654,4814,Junjou Romantica 2,1
655,655,4182,Darker than Black Kuro no Keiyakusha Special,0
656,656,13667,Naruto Shippuuden Movie 6 Road to Ninja,2
657,657,395,Gantz 2nd Stage,0
658,658,6637,Higashi no Eden Movie II Paradise Lost,2
659,659,3927,Mobile Suit Gundam 00 Second Season,0
660,660,6030,Needless,0
661,661,16201,Aku no Hana,0
662,662,31764,Nejimaki Seirei Senki Tenkyou no Alderamin,0
663,663,322,Paradise Kiss,1
664,664,11701,Another The Other Inga,0
665,665,10460,Kimi to Boku ,1
666,666,14397,Chihayafuru 2,1
667,667,90,Mobile Suit Gundam Wing,2
668,668,20159,Pokemon The Origin,2
669,669,468,Ghost in the Shell 2 Innocence,0
670,670,149,Loveless,2
671,671,256,Hoshi no Koe,1
672,672,23309,Rail Wars ,0
673,673,5177,Denpa teki na Kanojo,0
674,674,11979,Mahou Shoujo Madoka Magica Movie 2 Eien no Monogatari,1
675,675,10079,Hoshizora e Kakaru Hashi,1
676,676,4155,One Piece Film Strong World,2
677,677,16870,The Last Naruto the Movie,2
678,678,4472,Lucky Star Original na Visual to Animation,1
679,679,8915,Dantalian no Shoka,0
680,680,18893,Aoki Hagane no Arpeggio Ars Nova,2
681,681,8246,Naruto Shippuuden Movie 4 The Lost Tower,2
682,682,10798,UN GO,0
683,683,15699,Haiyore Nyaruko san W,1
684,684,241,Girls Bravo First Season,1
685,685,6802,So Ra No Wo To,1
686,686,31904,Big Order TV ,2
687,687,10711,Plastic Neesan,1
688,688,14811,GJ bu,1
689,689,21659,Kill la Kill Special,0
690,690,19315,Pupa,0
691,691,15,Eyeshield 21,2
692,692,6325,Naruto Shippuuden Movie 3 Hi no Ishi wo Tsugu Mono,2
693,693,182,Tenkuu no Escaflowne,2
694,694,9982,Fairy Tail OVA,1
695,695,21105,Love Stage ,1
696,696,32189,Danganronpa 3 The End of Kibougamine Gakuen Mirai hen,0
697,697,31710,Divine Gate,2
698,698,12403,Yuru Yuri ,1
699,699,21033,Seikoku no Dragonar,1
700,700,5040,One Outs,1
701,701,21273,Gochuumon wa Usagi Desu ka ,2
702,702,4087,Michiko to Hatchin,0
703,703,170,Slam Dunk,1
704,704,18139,Tonari no Seki kun,1
705,705,4565,Tengen Toppa Gurren Lagann Movie Lagann hen,0
706,706,11241,Brave 10,0
707,707,13331,Jormungand Perfect Order,0
708,708,25283,Kuusen Madoushi Kouhosei no Kyoukan,2
709,709,5940,Seiken no Blacksmith,2
710,710,1690,Bokurano,0
711,711,18689,Diamond no Ace,1
712,712,28621,Subete ga F ni Naru The Perfect Insider,0
713,713,10278,The iDOLM STER,1
714,714,31722,Nanatsu no Taizai Seisen no Shirushi,2
715,715,6007,Ookami to Koushinryou II Ookami to Kohakuiro no Yuuutsu,1
716,716,15417,Gintama 039 Enchousen,2
717,717,18119,Servant x Service,1
718,718,22273,Selector Infected WIXOSS,0
719,719,13333,Tari Tari,1
720,720,31173,Akagami no Shirayuki hime 2nd Season,1
721,721,28805,Bakemono no Ko,2
722,722,3467,Nogizaka Haruka no Himitsu,1
723,723,25879,Working ,1
724,724,820,Ginga Eiyuu Densetsu,0
725,725,18753,Yahari Ore no Seishun Love Comedy wa Machigatteiru OVA,1
726,726,133,Green Green,1
727,727,9074,Arakawa Under the Bridge x Bridge,1
728,728,4981,Casshern Sins,0
729,729,23333,DRAMAtical Murder,2
730,730,5667,To LOVE Ru OVA,1
731,731,1594,Jigoku Shoujo Futakomori,0
732,732,31559,Prince of Stride Alternative,1
733,733,16353,Love Lab,1
734,734,18001,Freezing Vibration,0
735,735,969,Tsubasa Chronicle 2nd Season,2
736,736,4177,Bounen no Xamdou,2
737,737,7662,Shinrei Tantei Yakumo,1
738,738,10418,Deadman Wonderland OVA,0
739,739,1117,Pokemon Maboroshi no Pokemon Lugia Bakutan,2
740,740,400,Seihou Bukyou Outlaw Star,2
741,741,2596,Shinreigari Ghost Hound,1
742,742,16732,Kiniro Mosaic,1
743,743,762,Bleach Memories in the Rain,2
744,744,25099,Ore ga Ojousama Gakkou ni quot Shomin Sample quot Toshite Gets Sareta Ken,1
745,745,5507,Senjou no Valkyria,2
746,746,12049,Fairy Tail Movie 1 Houou no Miko,2
747,747,440,Shoujo Kakumei Utena,1
748,748,10397,Mashiro iro Symphony The Color of Lovers,1
749,749,2952,Final Fantasy VII Advent Children Complete,2
750,750,10218,Berserk Ougon Jidai hen I Haou no Tamago,2
751,751,477,Aria The Animation,1
752,752,22865,Rokujouma no Shinryakusha TV ,1
753,753,2164,Dennou Coil,0
754,754,98,Mai HiME,2
755,755,9479,Coppelion,2
756,756,9760,Hoshi wo Ou Kodomo,2
757,757,157,Mahou Sensei Negima ,1
758,758,18095,Nourin,1
759,759,12859,One Piece Film Z,2
760,760,24701,Mushishi Zoku Shou 2nd Season,2
761,761,25731,Cross Ange Tenshi to Ryuu no Rondo,0
762,762,10589,Naruto Shippuuden Movie 5 Blood Prison,2
763,763,10049,Nurarihyon no Mago Sennen Makyou,2
764,764,7590,Mayoi Neko Overrun ,1
765,765,31772,One Punch Man Specials,0
766,766,26441,Junketsu no Maria,0
767,767,13357,High School DxD Specials,1
768,768,16662,Kaze Tachinu,1
769,769,166,Samurai 7,1
770,770,3091,xxxHOLiC Kei,1
771,771,1132,Digimon Frontier,2
772,772,4884,Tales of the Abyss,2
773,773,28755,Boruto Naruto the Movie,2
774,774,19685,Kanojo ga Flag wo Oraretara,1
775,775,482,Yu Gi Oh Duel Monsters GX,2
776,776,19365,Samurai Flamenco,0
777,777,17777,Saikin Imouto no Yousu ga Chotto Okashiinda ga ,1
778,778,5112,Akikan ,1
779,779,15605,Brothers Conflict,1
780,780,3228,Zoku Sayonara Zetsubou Sensei,1
781,781,416,Kurenai no Buta,2
782,782,28979,To LOVE Ru Darkness 2nd,1
783,783,23421,Re Hamatora,0
784,784,10209,Kore wa Zombie Desu ka OVA,2
785,785,11235,Amagami SS Plus,1
786,786,9750,Itsuka Tenma no Kuro Usagi,1
787,787,132,GetBackers,2
788,788,31741,Magi Sinbad no Bouken TV ,2
789,789,534,Slayers,2
790,790,740,Bishoujo Senshi Sailor Moon R,1
791,791,29067,Danna ga Nani wo Itteiru ka Wakaranai Ken 2 Sure me,1
792,792,1118,Pokemon Kesshoutou no Teiou Entei,2
793,793,834,Bleach The Sealed Sword Frenzy,2
794,794,721,Princess Tutu,1
795,795,31229,Servamp,0
796,796,9736,Astarotte no Omocha ,1
797,797,12431,Uchuu Kyoudai,1
798,798,4107,Tengen Toppa Gurren Lagann Movie Gurren hen,2
799,799,855,Strawberry Panic,1
800,800,5079,Kurokami The Animation,0
801,801,21647,Tamako Love Story,1
802,802,22547,Blade amp Soul,0
803,803,65,Rozen Maiden Tr umend,2
804,804,15335,Gintama Movie Kanketsu hen Yorozuya yo Eien Nare,2
805,805,32370,D Gray man Hallow,0
806,806,28391,Ao no Kanata no Four Rhythm,1
807,807,16934,Chuunibyou demo Koi ga Shitai Kirameki no Slapstick Noel,1
808,808,5781,Isekai no Seikishi Monogatari,2
809,809,10012,Carnival Phantasm,1
810,810,16157,Choujigen Game Neptune The Animation,2
811,811,18195,Little Busters Refrain,1
812,812,31716,Rewrite,2
813,813,4581,Shikabane Hime Aka,0
814,814,11553,Toradora Bentou no Gokui,1
815,815,28735,Shouwa Genroku Rakugo Shinjuu,1
816,816,8536,Fortune Arterial Akai Yakusoku,1
817,817,1965,Sola,1
818,818,34240,Shelter,0
819,819,6444,Tegamibachi,2
820,820,4477,Nodame Cantabile Paris hen,1
821,821,6862,K On Live House ,1
822,822,2131,Bokusatsu Tenshi Dokuro chan 2,0
823,823,30458,Tokyo Ghoul quot Jack quot ,0
824,824,1254,Saint Seiya,2
825,825,18857,Ore no Imouto ga Konnani Kawaii Wake ga Nai Specials,1
826,826,5118,Suzumiya Haruhi chan no Yuuutsu,1
827,827,9790,Sora no Otoshimono Tokeijikake no Angeloid,0
828,828,29093,Grisaia no Meikyuu Caprice no Mayu 0,0
829,829,14751,Bishoujo Senshi Sailor Moon Crystal,1
830,830,3230,Druaga no Tou The Aegis of Uruk,2
831,831,32648,Handa kun,1
832,832,17831,Inu to Hasami wa Tsukaiyou,1
833,833,11123,Sekaiichi Hatsukoi 2,1
834,834,10897,Boku wa Tomodachi ga Sukunai Episode 0,1
835,835,31952,Kono Bijutsubu ni wa Mondai ga Aru ,1
836,836,135,Hikaru no Go,1
837,837,710,Rec,1
838,838,13469,Hyouka Motsubeki Mono wa,1
839,839,1498,Black Blood Brothers,0
840,840,15117,Kami nomi zo Shiru Sekai Tenri hen,1
841,841,5342,Asura Cryin 039 ,2
842,842,27829,Heavy Object,2
843,843,17641,Date A Live Date to Date,1
844,844,543,Vampire Hunter D 2000 ,0
845,845,379,Heppoko Jikken Animation Excel Saga,0
846,846,4106,Trigun Badlands Rumble,2
847,847,185,Initial D First Stage,2
848,848,31845,Masou Gakuen HxH,2
849,849,4548,Yozakura Quartet,2
850,850,6421,Fullmetal Alchemist Brotherhood Specials,2
851,851,687,Tokyo Mew Mew,2
852,852,243,Gravitation,1
853,853,20973,Sekai Seifuku Bouryaku no Zvezda,2
854,854,405,Blood The Last Vampire,0
855,855,19703,Kyousou Giga TV ,2
856,856,5690,Nodame Cantabile Finale,1
857,857,9471,Baka to Test to Shoukanjuu Matsuri,1
858,858,1564,Pokemon Advanced Generation,2
859,859,29589,Denpa Kyoushi TV ,1
860,860,4192,Hayate no Gotoku ,2
861,861,248,Ichigo 100 ,1
862,862,20709,Sabagebu ,2
863,863,23317,Kuroshitsuji Book of Murder,0
864,864,114,Sakigake Cromartie Koukou,1
865,865,14921,RDG Red Data Girl,1
866,866,19363,Gin no Saji 2nd Season,1
867,867,14527,Medaka Box Abnormal,2
868,868,532,Bishoujo Senshi Sailor Moon S,1
869,869,24705,Ore Twintail ni Narimasu ,2
870,870,28619,Ranpo Kitan Game of Laplace,0
871,871,19647,Hajime no Ippo Rising,1
872,872,165,RahXephon,2
873,873,12113,Berserk Ougon Jidai hen II Doldrey Kouryaku,0
874,874,31318,Comet Lucifer,2
875,875,153,Juuni Kokuki,2
876,876,53,Ai Yori Aoshi,1
877,877,14837,Dragon Ball Z Movie 14 Kami to Kami,2
878,878,7465,Eve no Jikan Movie ,1
879,879,3229,Kimi ga Aruji de Shitsuji ga Ore de,1
880,880,8934,Star Driver Kagayaki no Takuto,2
881,881,272,Noir,2
882,882,901,Dragon Ball Z Movie 08 Moetsukiro Nessen Ressen Chougekisen,2
883,883,94,Mobile Suit Gundam Seed Destiny,0
884,884,11837,Zetman,0
885,885,12115,Berserk Ougon Jidai hen III Kourin,0
886,886,25,Sunabouzu,0
887,887,33028,Danganronpa 3 The End of Kibougamine Gakuen Zetsubou hen,0
888,888,20457,Inari Konkon Koi Iroha ,1
889,889,24227,Nisekoi OVA,1
890,890,587,Hanbun no Tsuki ga Noboru Sora,1
891,891,6974,Seikimatsu Occult Gakuin,0
892,892,3299,H2O Footprints in the Sand,1
893,893,9981,Phi Brain Kami no Puzzle,2
894,894,7,Witch Hunter Robin,2
895,895,17909,Uchouten Kazoku,1
896,896,935,Witchblade,0
897,897,198,Speed Grapher,0
898,898,8479,Hetalia World Series,1
899,899,28387,Joukamachi no Dandelion,1
900,900,23623,Non Non Biyori Repeat,1
901,901,23311,Garo Honoo no Kokuin,0
902,902,10073,Seikon no Qwaser II,0
903,903,390,Suzuka,1
904,904,102,Aishiteruze Baby ,1
905,905,4551,Hakushaku to Yousei,2
906,906,25429,Isuca,2
907,907,17741,Kimi no Iru Machi,1
908,908,2494,Goshuushou sama Ninomiya kun,1
909,909,2403,Kodomo no Jikan TV ,1
910,910,10119,Seitokai Yakuindomo OVA,1
911,911,8142,Colorful Movie ,1
912,912,1250,Erementar Gerad,2
913,913,1579,Kiniro no Corda Primo Passo,1
914,914,10447,Aquarion Evol,2
915,915,26351,Nagato Yuki chan no Shoushitsu,1
916,916,76,Mahou Shoujo Lyrical Nanoha,2
917,917,2002,Heroic Age,2
918,918,570,Jin Rou,0
919,919,30091,Chaos Dragon Sekiryuu Seneki,0
920,920,8476,Otome Youkai Zakuro,1
921,921,16005,Zettai Karen Children The Unlimited Hyoubu Kyousuke,0
922,922,7858,Sora no Otoshimono Project Pink,1
923,923,1606,Kekkaishi,2
924,924,2986,Bamboo Blade,1
925,925,123,Fushigi Yuugi,2
926,926,12711,Uta no Prince sama Maji Love 2000 ,1
927,927,1142,Hachimitsu to Clover II,1
928,928,21563,Kamigami no Asobi,1
929,929,31630,Gyakuten Saiban Sono quot Shinjitsu quot Igi Ari ,1
930,930,24031,Denki gai no Honya san,1
931,931,13939,Accel World EX,2
932,932,190,Love Hina Again,1
933,933,15197,Code Geass Boukoku no Akito 2 Hikisakareshi Yokuryuu,0
934,934,15613,Hakkenden Touhou Hakken Ibun,2
935,935,193,Maburaho,1
936,936,30484,Steins Gate 0,1
937,937,31174,Osomatsu san,0
938,938,23327,Space Dandy 2nd Season,1
939,939,9136,Kuroshitsuji II Specials,1
940,940,2961,Digimon Adventure Movie,2
941,941,372,Cardcaptor Sakura Movie 2 Fuuin Sareta Card,1
942,942,31251,Mobile Suit Gundam Iron Blooded Orphans,0
943,943,16355,Dansai Bunri no Crime Edge,0
944,944,31914,Shoujo tachi wa Kouya wo Mezasu,1
945,945,5262,Shugo Chara Doki,1
946,946,15687,Chuunibyou demo Koi ga Shitai Lite,1
947,947,479,The Law of Ueki,2
948,948,14027,Boku wa Tomodachi ga Sukunai Relay Shousetsu wa Ketsumatsu ga Hanpanai,1
949,949,16890,Makai Ouji Devils and Realist,1
950,950,21185,Baby Steps,1
951,951,28675,Kyoukai no Kanata Movie I 039 ll Be Here Mirai hen,1
952,952,21177,Nobunaga the Fool,0
953,953,11266,Ao no Exorcist Kuro no Iede,2
954,954,28725,Kokoro ga Sakebitagatterunda ,1
955,955,26443,Triage X,2
956,956,24873,Juuou Mujin no Fafnir,1
957,957,122,Full Moon wo Sagashite,1
958,958,1829,Gedo Senki,2
959,959,898,Dragon Ball Z Movie 05 Tobikkiri no Saikyou tai Saikyou,2
960,960,25519,Yuuki Yuuna wa Yuusha de Aru,1
961,961,196,Onegai Twins,1
962,962,3358,Kure nai,1
963,963,24991,No Game No Life Specials,2
964,964,3713,Jigoku Shoujo Mitsuganae,0
965,965,9776,A Channel,1
966,966,1033,Sennen Joyuu,2
967,967,1119,Pokemon Celebi Toki wo Koeta Deai,2
968,968,25687,Digimon Adventure tri 1 Saikai,2
969,969,18497,Yozakura Quartet Hana no Uta,2
970,970,2927,Kimikiss Pure Rouge,1
971,971,6772,Break Blade 1 Kakusei no Toki,0
972,972,251,Kyou kara Maou ,2
973,973,30885,Noragami Aragoto OVA,2
974,974,529,Saishuu Heiki Kanojo,0
975,975,2685,Tsubasa Tokyo Revelations,0
976,976,31414,Nijiiro Days,1
977,977,896,Dragon Ball Z Movie 03 Chikyuu Marugoto Choukessen,2
978,978,10805,Kami nomi zo Shiru Sekai 4 nin to Idol,1
979,979,24893,Sidonia no Kishi Daikyuu Wakusei Seneki,0
980,980,21743,Donten ni Warau,2
981,981,412,Kore ga Watashi no Goshujinsama,1
982,982,894,Dragon Ball Z Movie 01 Ora no Gohan wo Kaese ,2
983,983,13807,Corpse Party Missing Footage,1
984,984,8876,Koe de Oshigoto The Animation,1
985,985,18295,Kakumeiki Valvrave 2nd Season,0
986,986,1639,Boku no Pico,0
987,987,13851,To LOVE Ru Darkness OVA,1
988,988,487,Girls Bravo Second Season,1
989,989,138,Hunter x Hunter Greed Island,2
990,990,905,Dragon Ball Z Movie 12 Fukkatsu no Fusion Gokuu to Vegeta,2
991,991,3701,Kaiba,0
992,992,20509,Fate kaleid liner Prisma Illya 2wei ,2
993,993,32360,Qualidea Code,2
994,994,160,Ima Soko ni Iru Boku,0
995,995,15751,Senyuu ,2
996,996,10794,IS Infinite Stratos Encore Koi ni Kogareru Rokujuusou,2
997,997,7627,Mitsudomoe,1
998,998,12471,Eureka Seven AO,2
999,999,3087,Cencoroll,2
